sample,interval_seconds,cpu_percent_one_core
1,1.0001891083084047,12.99754205680822
2,0.9999150880612433,17.00144362553991
3,0.9999680868349969,15.000478712752285
4,0.9999954118393362,15.000068822725726
5,1.000000154133886,15.999997533858204
6,0.9999996069818735,15.000005895274212
7,1.0000121821649373,18.999768541685853
8,0.9999936856329441,16.000101030510837
9,0.9999933270737529,18.000120113473955
10,1.0000299690291286,16.999490541772786
11,0.999970702920109,14.000410171135291
12,1.0000426582992077,15.999317496327123
13,0.9999569728970528,16.000688463269736
14,1.000094664748758,17.99829619581255
15,0.9999046120792627,16.00152635232737
16,1.0000319010578096,15.999489599357366
17,0.9999676570296288,16.000517504263563
18,1.0001261732541025,15.997981482617268
19,0.9999861447140574,14.0001939766908
20,0.9998869588598609,14.001582754878363
21,1.000112013425678,14.998319986798863
22,0.999889493919909,14.001547256102482
23,1.0000128126703203,14.999807812407632
24,0.9999931203201413,14.000096316180647
25,1.0001158406957984,15.998146763547428
26,0.9998819543980062,15.001770893076047
27,1.0000342996791005,12.999554119465254
28,1.0000044968910515,14.999932546937556
29,1.000123597215861,12.998393434760796
30,0.9999617151916027,16.000612580386882
31,0.9999980316497386,14.000027556957903
32,0.9999955659732223,15.000066510696575
33,1.0000009220093489,11.999988935898015
34,0.9999428153969347,15.000857818099966
35,0.9999789036810398,15.000316451460364
36,0.9999892013147473,13.000140384424252
37,1.0000859620049596,15.998624726141944
38,0.9999050088226795,16.001520003224023
39,0.9999787639826536,14.000297310556542
40,1.0000097560696304,13.999863416357696
41,1.0001143999397755,14.998284197191106
42,0.9999119509011507,16.00140890963481
43,1.000074006151408,13.99896399055136
44,0.9998868377879262,15.001697625288141
45,0.9999997182749212,14.000003944152217
46,1.0000483016483486,16.999178911637998
47,0.9999889340251684,15.00016599145933
48,1.0000817961990833,14.998773157364814
49,0.9999175630509853,15.001236656181383
50,0.9999629510566592,13.000481654108206
51,1.000008231960237,16.99986005782797
52,1.0001167547889054,12.998482364935393
53,0.9998807422816753,18.002146894963637
54,0.999998867046088,15.000016994327932
55,1.0000287885777652,14.999568183764897
56,1.0000037653371692,13.99994728547812
57,1.0000867238268256,16.998525822790256
58,0.9998756051063538,15.001866155544914
59,1.0000029229559004,14.999956155789649
60,1.000105092767626,16.998213610686953
61,0.9999949741177261,13.000065336797936
62,0.9999455949291587,17.000924936525543
63,0.9999976940453053,16.000036895360196
64,0.9999581822194159,17.000710931999528
65,1.000156742054969,12.997962672620284
66,0.999840599950403,14.00223195646833
67,1.0000426056794822,16.999275734306636
68,0.9999952032230794,16.000076748798875
69,0.9999723671935499,15.000414503550646
70,1.0000326377339661,14.999510449968312
71,0.9999649142846465,16.000561391142465
72,1.0000032638199627,14.999951042860346
73,0.9999885419383645,17.000194789279714
74,1.0000094762071967,15.999848382121614
75,1.000116643961519,13.998367174997911
76,0.9998799399472773,15.001801117033045
77,0.999994704965502,13.00006883581296
78,1.0001111049205065,17.99800033360366
79,0.9998945640400052,15.00158170616863
80,0.9999961499124765,13.000050051330508
81,1.0001265411265194,14.99810212326167
82,0.999904764816165,15.001428663816585
83,1.0000221482478082,16.99962348812634
84,0.9999468447640538,14.000744212862056
85,1.0000893250107765,17.99839229341443
86,0.9999083592556417,18.00164968457677
87,1.0000158548355103,16.99973047206965
88,1.0001115151681006,16.998104453524476
89,0.9998736358247697,17.002148462467602
90,1.000041461084038,14.999378109523681
91,0.9999709250405431,15.000436137072521
92,1.0000215899199247,15.999654568739038
93,1.000016218982637,14.99975671920621
94,0.9999534878879786,16.000744228407978
95,1.0002381410449743,13.996666819137534
96,0.9997587739489973,16.003860548080812
97,1.0001241099089384,14.998138582386295
98,0.9999330383725464,16.001071457785816
99,0.9999535977840424,17.000788874276797
100,1.0001600300893188,11.998079946194556
101,0.9999521598219872,16.00076547946888
102,0.9999994211830199,17.00000983989436
103,0.9998916941694915,17.001841398552845
104,1.0001093558967113,13.998469184849707
105,0.9999964348971844,18.000064172079462
106,1.0000052889809012,13.999925954659009
107,0.9999960511922836,14.000055283526336
108,0.9998780386522412,16.001951619586297
109,0.9999981760047376,13.000023711981662
110,1.0000017890706658,16.999969585853094
111,1.0000023422762752,14.999964865938164
112,0.9999972200021148,14.000038920078591
113,1.0001279660500586,15.997952805170499
114,0.9999965778551996,14.000047910191164
115,0.9999148021452129,17.001448486939363
116,0.9999791765585542,14.000291534250989
117,1.0000048340298235,16.999917821890254
118,1.0001369751989841,16.997671740531075
119,0.999847549945116,14.002134626192255
120,0.9999964688904583,15.000052966830154
