workload,sample,elapsed_seconds,interval_seconds,cpu_percent_one_core,rss_bytes,swap_bytes,rss_plus_swap_bytes,cpu_violation,memory_violation
display11-idle,1,1.000085,1.000085,0.0,14635008,0,14635008,False,False
display11-idle,2,2.000101,1.000016,0.0,14635008,0,14635008,False,False
display11-idle,3,3.000071,0.99997,0.0,14635008,0,14635008,False,False
display11-idle,4,4.000079,1.000008,0.0,14635008,0,14635008,False,False
display11-idle,5,5.000103,1.000024,0.0,14635008,0,14635008,False,False
display11-idle,6,6.000071,0.999968,0.0,14635008,0,14635008,False,False
display11-idle,7,7.00007,0.999999,0.0,14635008,0,14635008,False,False
display11-idle,8,8.000068,0.999998,0.0,14635008,0,14635008,False,False
display11-idle,9,9.00007,1.000002,0.0,14635008,0,14635008,False,False
display11-idle,10,10.00007,1.0,0.0,14635008,0,14635008,False,False
display11-idle,11,11.000068,0.999998,0.0,14528512,0,14528512,False,False
display11-idle,12,12.000068,1.0,0.0,14528512,0,14528512,False,False
display11-idle,13,13.000068,1.0,0.0,14528512,0,14528512,False,False
display11-idle,14,14.000069,1.000001,0.0,14528512,0,14528512,False,False
display11-idle,15,15.000069,1.0,0.0,14528512,0,14528512,False,False
display11-idle,16,16.000096,1.000027,0.0,14528512,0,14528512,False,False
display11-idle,17,17.000069,0.999972,0.0,14528512,0,14528512,False,False
display11-idle,18,18.000069,1.0,0.0,14528512,0,14528512,False,False
display11-idle,19,19.00007,1.000002,0.0,14528512,0,14528512,False,False
display11-idle,20,20.000076,1.000006,0.0,14528512,0,14528512,False,False
display11-idle,21,21.000101,1.000025,0.0,14528512,0,14528512,False,False
display11-idle,22,22.000072,0.999971,0.0,14528512,0,14528512,False,False
display11-idle,23,23.00007,0.999998,0.0,14528512,0,14528512,False,False
display11-idle,24,24.000083,1.000013,0.0,14528512,0,14528512,False,False
display11-idle,25,25.000078,0.999996,0.0,14528512,0,14528512,False,False
display11-idle,26,26.000098,1.00002,0.0,14528512,0,14528512,False,False
display11-idle,27,27.000068,0.99997,0.0,14528512,0,14528512,False,False
display11-idle,28,28.000068,1.0,0.0,14528512,0,14528512,False,False
display11-idle,29,29.000076,1.000009,0.0,14528512,0,14528512,False,False
display11-idle,30,30.000133,1.000057,0.0,14528512,0,14528512,False,False
display11-idle,31,31.000075,0.999941,0.0,8577024,5951488,14528512,False,False
display11-idle,32,32.0001,1.000025,0.0,8548352,5980160,14528512,False,False
display11-idle,33,33.000071,0.999971,0.0,8548352,5980160,14528512,False,False
display11-idle,34,34.000079,1.000008,0.0,8548352,5980160,14528512,False,False
display11-idle,35,35.000104,1.000025,0.0,8548352,5980160,14528512,False,False
display11-idle,36,36.0001,0.999996,0.0,8544256,5984256,14528512,False,False
display11-idle,37,37.000072,0.999971,0.0,8544256,5984256,14528512,False,False
display11-idle,38,38.00007,0.999999,0.0,8544256,5984256,14528512,False,False
display11-idle,39,39.000085,1.000015,0.0,8544256,5984256,14528512,False,False
display11-idle,40,40.000107,1.000022,0.0,8544256,5984256,14528512,False,False
display11-idle,41,41.000072,0.999965,0.0,8544256,5984256,14528512,False,False
display11-idle,42,42.000269,1.000197,0.0,8495104,6033408,14528512,False,False
display11-idle,43,43.000085,0.999817,0.0,8495104,6033408,14528512,False,False
display11-idle,44,44.000083,0.999997,0.0,8495104,6033408,14528512,False,False
display11-idle,45,45.00007,0.999988,0.0,8495104,6033408,14528512,False,False
display11-idle,46,46.000068,0.999998,0.0,8941568,5591040,14532608,False,False
display11-idle,47,47.000068,1.0,0.0,8941568,5591040,14532608,False,False
display11-idle,48,48.000161,1.000093,0.0,8773632,5758976,14532608,False,False
display11-idle,49,49.000073,0.999913,0.0,8773632,5758976,14532608,False,False
display11-idle,50,50.0004,1.000326,0.0,8773632,5758976,14532608,False,False
display11-idle,51,51.00007,0.99967,0.0,8777728,5754880,14532608,False,False
display11-idle,52,52.000068,0.999999,0.0,8777728,5754880,14532608,False,False
display11-idle,53,53.000103,1.000034,0.0,8777728,5754880,14532608,False,False
display11-idle,54,54.000122,1.000019,0.0,8777728,5754880,14532608,False,False
display11-idle,55,55.000095,0.999974,0.0,8777728,5754880,14532608,False,False
display11-idle,56,56.000068,0.999973,0.0,8777728,5754880,14532608,False,False
display11-idle,57,57.000106,1.000038,0.0,8777728,5754880,14532608,False,False
display11-idle,58,58.000102,0.999996,0.0,8777728,5754880,14532608,False,False
display11-idle,59,59.000104,1.000002,0.0,8777728,5754880,14532608,False,False
display11-idle,60,60.000095,0.99999,0.0,8777728,5754880,14532608,False,False
display11-idle,61,61.000097,1.000002,0.0,8777728,5754880,14532608,False,False
display11-idle,62,62.000064,0.999968,0.0,8777728,5754880,14532608,False,False
display11-idle,63,63.00008,1.000016,0.0,8777728,5754880,14532608,False,False
display11-idle,64,64.000073,0.999993,0.0,8777728,5754880,14532608,False,False
display11-idle,65,65.000073,1.0,0.0,8777728,5754880,14532608,False,False
display11-idle,66,66.000071,0.999999,1.000001,8777728,5754880,14532608,False,False
display11-idle,67,67.000092,1.000021,0.0,8777728,5754880,14532608,False,False
display11-idle,68,68.000095,1.000003,0.0,8777728,5754880,14532608,False,False
display11-idle,69,69.000069,0.999974,0.0,8777728,5754880,14532608,False,False
display11-idle,70,70.000099,1.00003,0.0,8777728,5754880,14532608,False,False
display11-idle,71,71.000069,0.99997,0.0,8777728,5754880,14532608,False,False
display11-idle,72,72.000096,1.000026,0.0,8777728,5754880,14532608,False,False
display11-idle,73,73.000074,0.999978,0.0,8777728,5754880,14532608,False,False
display11-idle,74,74.00007,0.999996,0.0,8777728,5754880,14532608,False,False
display11-idle,75,75.000094,1.000024,0.0,8777728,5754880,14532608,False,False
display11-idle,76,76.000069,0.999974,0.0,8777728,5754880,14532608,False,False
display11-idle,77,77.000094,1.000025,0.0,8777728,5754880,14532608,False,False
display11-idle,78,78.000095,1.000001,0.0,8777728,5754880,14532608,False,False
display11-idle,79,79.000068,0.999973,0.0,8777728,5754880,14532608,False,False
display11-idle,80,80.000097,1.000029,0.0,8777728,5754880,14532608,False,False
display11-idle,81,81.000094,0.999997,0.0,8777728,5754880,14532608,False,False
display11-idle,82,82.000096,1.000002,0.0,8777728,5754880,14532608,False,False
display11-idle,83,83.000095,0.999999,0.0,8777728,5754880,14532608,False,False
display11-idle,84,84.000081,0.999986,0.0,8777728,5754880,14532608,False,False
display11-idle,85,85.000097,1.000016,0.0,8777728,5754880,14532608,False,False
display11-idle,86,86.000093,0.999997,0.0,8777728,5754880,14532608,False,False
display11-idle,87,87.000111,1.000018,0.0,8777728,5754880,14532608,False,False
display11-idle,88,88.000095,0.999984,0.0,8777728,5754880,14532608,False,False
display11-idle,89,89.000103,1.000009,0.0,8777728,5754880,14532608,False,False
display11-idle,90,90.000071,0.999967,0.0,8777728,5754880,14532608,False,False
display11-idle,91,91.000095,1.000024,0.0,8777728,5754880,14532608,False,False
display11-idle,92,92.000067,0.999972,0.0,8777728,5754880,14532608,False,False
display11-idle,93,93.000101,1.000034,0.0,8777728,5754880,14532608,False,False
display11-idle,94,94.000057,0.999956,0.0,8777728,5754880,14532608,False,False
display11-idle,95,95.000069,1.000012,0.0,8777728,5754880,14532608,False,False
display11-idle,96,96.000095,1.000026,0.0,8777728,5754880,14532608,False,False
display11-idle,97,97.000069,0.999974,0.0,8777728,5754880,14532608,False,False
display11-idle,98,98.000096,1.000027,0.0,8777728,5754880,14532608,False,False
display11-idle,99,99.000071,0.999976,0.0,8777728,5754880,14532608,False,False
display11-idle,100,100.000778,1.000707,0.0,8777728,5754880,14532608,False,False
display11-idle,101,101.000552,0.999774,0.0,8777728,5754880,14532608,False,False
display11-idle,102,102.000069,0.999517,0.0,8777728,5754880,14532608,False,False
display11-idle,103,103.000069,1.0,0.0,8777728,5754880,14532608,False,False
display11-idle,104,104.000069,1.000001,0.0,8777728,5754880,14532608,False,False
display11-idle,105,105.000069,0.999999,0.0,8777728,5754880,14532608,False,False
display11-idle,106,106.000094,1.000025,0.0,8790016,5742592,14532608,False,False
display11-idle,107,107.000135,1.000041,0.0,8790016,5742592,14532608,False,False
display11-idle,108,108.00007,0.999935,0.0,8790016,5742592,14532608,False,False
display11-idle,109,109.000785,1.000715,0.0,8790016,5742592,14532608,False,False
display11-idle,110,110.000069,0.999284,0.0,8790016,5742592,14532608,False,False
display11-idle,111,111.00007,1.000002,0.0,8790016,5742592,14532608,False,False
display11-idle,112,112.000102,1.000031,0.0,8790016,5742592,14532608,False,False
display11-idle,113,113.00007,0.999968,0.0,8790016,5742592,14532608,False,False
display11-idle,114,114.00007,1.000001,0.0,8790016,5742592,14532608,False,False
display11-idle,115,115.000071,1.000001,0.0,8790016,5742592,14532608,False,False
display11-idle,116,116.000068,0.999997,0.0,8790016,5742592,14532608,False,False
display11-idle,117,117.000094,1.000026,0.0,8790016,5742592,14532608,False,False
display11-idle,118,118.000103,1.000009,0.0,8790016,5742592,14532608,False,False
display11-idle,119,119.000086,0.999983,0.0,8790016,5742592,14532608,False,False
display11-idle,120,120.000074,0.999987,0.0,8790016,5742592,14532608,False,False
display11-menus-and-recording,1,1.00007,1.00007,0.0,9224192,5419008,14643200,False,False
display11-menus-and-recording,2,2.000072,1.000002,1.999996,11591680,3051520,14643200,False,False
display11-menus-and-recording,3,3.000066,0.999994,0.0,11591680,3051520,14643200,False,False
display11-menus-and-recording,4,4.000088,1.000022,0.0,11591680,3051520,14643200,False,False
display11-menus-and-recording,5,5.000077,0.999989,0.0,11595776,3047424,14643200,False,False
display11-menus-and-recording,6,6.000067,0.999989,0.0,11608064,3035136,14643200,False,False
display11-menus-and-recording,7,7.000134,1.000067,0.0,11608064,3035136,14643200,False,False
display11-menus-and-recording,8,8.000076,0.999942,1.000058,11608064,3035136,14643200,False,False
display11-menus-and-recording,9,9.000169,1.000093,0.0,11608064,3035136,14643200,False,False
display11-menus-and-recording,10,10.00007,0.999901,2.000198,11649024,2994176,14643200,False,False
display11-menus-and-recording,11,11.000106,1.000036,1.999928,13582336,1183744,14766080,False,False
display11-menus-and-recording,12,12.000071,0.999965,2.000071,13586432,1179648,14766080,False,False
display11-menus-and-recording,13,13.000074,1.000004,0.0,13586432,1179648,14766080,False,False
display11-menus-and-recording,14,14.000114,1.000039,0.0,13586432,1179648,14766080,False,False
display11-menus-and-recording,15,15.000086,0.999973,0.0,13586432,1179648,14766080,False,False
display11-menus-and-recording,16,16.000067,0.999981,0.0,13586432,1179648,14766080,False,False
display11-menus-and-recording,17,17.000069,1.000002,0.999998,13586432,1179648,14766080,False,False
display11-menus-and-recording,18,18.000077,1.000008,0.0,13586432,1179648,14766080,False,False
display11-menus-and-recording,19,19.000066,0.999989,0.0,13586432,1179648,14766080,False,False
display11-menus-and-recording,20,20.000039,0.999973,1.000027,13631488,1134592,14766080,False,False
display11-menus-and-recording,21,21.000079,1.00004,0.0,13631488,1134592,14766080,False,False
display11-menus-and-recording,22,22.000066,0.999987,0.0,13631488,1134592,14766080,False,False
display11-menus-and-recording,23,23.000071,1.000005,0.0,13631488,1134592,14766080,False,False
display11-menus-and-recording,24,24.000069,0.999998,0.0,13631488,1134592,14766080,False,False
display11-menus-and-recording,25,25.00007,1.000001,0.999999,13631488,1134592,14766080,False,False
display11-menus-and-recording,26,26.000024,0.999955,0.0,13631488,1134592,14766080,False,False
display11-menus-and-recording,27,27.000116,1.000092,0.0,13631488,1134592,14766080,False,False
display11-menus-and-recording,28,28.00007,0.999954,0.0,13631488,1134592,14766080,False,False
display11-menus-and-recording,29,29.000033,0.999962,0.0,13631488,1134592,14766080,False,False
display11-menus-and-recording,30,30.000064,1.000031,2.999906,13631488,1134592,14766080,False,False
display11-menus-and-recording,31,31.000069,1.000005,0.0,13631488,1134592,14766080,False,False
display11-menus-and-recording,32,32.000067,0.999998,3.000005,13635584,1130496,14766080,False,False
display11-menus-and-recording,33,33.000069,1.000001,0.0,13635584,1130496,14766080,False,False
display11-menus-and-recording,34,34.000066,0.999997,0.0,13635584,1130496,14766080,False,False
display11-menus-and-recording,35,35.000082,1.000016,0.0,13635584,1130496,14766080,False,False
display11-menus-and-recording,36,36.000074,0.999992,0.0,13635584,1130496,14766080,False,False
display11-menus-and-recording,37,37.000068,0.999995,0.0,13635584,1130496,14766080,False,False
display11-menus-and-recording,38,38.000069,1.000001,0.0,13635584,1130496,14766080,False,False
display11-menus-and-recording,39,39.000075,1.000005,0.0,13635584,1130496,14766080,False,False
display11-menus-and-recording,40,40.000069,0.999994,1.000006,13635584,1130496,14766080,False,False
display11-menus-and-recording,41,41.000068,0.999999,0.0,13635584,1130496,14766080,False,False
display11-menus-and-recording,42,42.000039,0.999971,0.0,13635584,1130496,14766080,False,False
display11-menus-and-recording,43,43.000912,1.000873,0.0,13635584,1130496,14766080,False,False
display11-menus-and-recording,44,44.000071,0.999159,0.0,13635584,1130496,14766080,False,False
display11-menus-and-recording,45,45.000069,0.999998,0.0,13635584,1130496,14766080,False,False
display11-menus-and-recording,46,46.000068,0.999999,0.0,13635584,1130496,14766080,False,False
display11-menus-and-recording,47,47.000039,0.999971,1.000029,13635584,1130496,14766080,False,False
display11-menus-and-recording,48,48.000068,1.00003,0.99997,13635584,1130496,14766080,False,False
display11-menus-and-recording,49,49.00007,1.000002,0.0,13635584,1130496,14766080,False,False
display11-menus-and-recording,50,50.000046,0.999976,2.000049,13635584,1130496,14766080,False,False
display11-menus-and-recording,51,51.000072,1.000026,0.0,13635584,1130496,14766080,False,False
display11-menus-and-recording,52,52.000073,1.000001,2.999997,13635584,1130496,14766080,False,False
display11-menus-and-recording,53,53.000068,0.999995,0.0,13635584,1130496,14766080,False,False
display11-menus-and-recording,54,54.000066,0.999998,0.0,13635584,1130496,14766080,False,False
display11-menus-and-recording,55,55.000066,1.0,0.0,13635584,1130496,14766080,False,False
display11-menus-and-recording,56,56.000068,1.000002,0.0,13635584,1130496,14766080,False,False
display11-menus-and-recording,57,57.000068,1.0,0.0,13635584,1130496,14766080,False,False
display11-menus-and-recording,58,58.000072,1.000004,0.0,13635584,1130496,14766080,False,False
display11-menus-and-recording,59,59.000028,0.999956,0.0,13635584,1130496,14766080,False,False
display11-menus-and-recording,60,60.000067,1.000039,0.999961,13635584,1130496,14766080,False,False
display11-menus-and-recording,61,61.000068,1.000002,0.0,13635584,1130496,14766080,False,False
display11-menus-and-recording,62,62.000076,1.000008,0.0,13635584,1130496,14766080,False,False
display11-menus-and-recording,63,63.00004,0.999964,0.0,13635584,1130496,14766080,False,False
display11-menus-and-recording,64,64.000074,1.000034,0.0,13635584,1130496,14766080,False,False
display11-menus-and-recording,65,65.000069,0.999994,0.0,13635584,1130496,14766080,False,False
display11-menus-and-recording,66,66.000068,0.999999,0.0,13635584,1130496,14766080,False,False
display11-menus-and-recording,67,67.000068,1.0,0.0,13635584,1130496,14766080,False,False
display11-menus-and-recording,68,68.000076,1.000008,0.999992,13639680,1126400,14766080,False,False
display11-menus-and-recording,69,69.000117,1.00004,0.0,13639680,1126400,14766080,False,False
display11-menus-and-recording,70,70.000073,0.999956,3.000131,13639680,1126400,14766080,False,False
display11-menus-and-recording,71,71.000069,0.999996,0.0,13639680,1126400,14766080,False,False
display11-menus-and-recording,72,72.000066,0.999997,3.000008,13639680,1126400,14766080,False,False
display11-menus-and-recording,73,73.000067,1.0,0.0,13639680,1126400,14766080,False,False
display11-menus-and-recording,74,74.000076,1.000009,0.0,13639680,1126400,14766080,False,False
display11-menus-and-recording,75,75.00007,0.999993,0.0,13639680,1126400,14766080,False,False
display11-menus-and-recording,76,76.000073,1.000004,0.0,13639680,1126400,14766080,False,False
display11-menus-and-recording,77,77.000026,0.999953,0.0,13639680,1126400,14766080,False,False
display11-menus-and-recording,78,78.000071,1.000045,0.0,13639680,1126400,14766080,False,False
display11-menus-and-recording,79,79.000069,0.999998,0.0,13639680,1126400,14766080,False,False
display11-menus-and-recording,80,80.000072,1.000003,0.999997,13639680,1126400,14766080,False,False
display11-menus-and-recording,81,81.000067,0.999994,0.0,13639680,1126400,14766080,False,False
display11-menus-and-recording,82,82.00007,1.000003,0.0,13639680,1126400,14766080,False,False
display11-menus-and-recording,83,83.000037,0.999967,0.0,13639680,1126400,14766080,False,False
display11-menus-and-recording,84,84.000065,1.000029,0.0,13639680,1126400,14766080,False,False
display11-menus-and-recording,85,85.000069,1.000003,0.0,13639680,1126400,14766080,False,False
display11-menus-and-recording,86,86.000041,0.999972,0.0,13639680,1126400,14766080,False,False
display11-menus-and-recording,87,87.000068,1.000028,0.0,13639680,1126400,14766080,False,False
display11-menus-and-recording,88,88.000028,0.99996,1.00004,13639680,1126400,14766080,False,False
display11-menus-and-recording,89,89.000068,1.00004,0.0,13639680,1126400,14766080,False,False
display11-menus-and-recording,90,90.000111,1.000043,1.999914,13639680,1126400,14766080,False,False
display11-menus-and-recording,91,91.000029,0.999918,0.0,13639680,1126400,14766080,False,False
display11-menus-and-recording,92,92.000105,1.000076,2.999772,13639680,1126400,14766080,False,False
display11-menus-and-recording,93,93.000069,0.999963,0.0,13639680,1126400,14766080,False,False
display11-menus-and-recording,94,94.000104,1.000035,0.0,13639680,1126400,14766080,False,False
display11-menus-and-recording,95,95.000066,0.999962,0.0,13639680,1126400,14766080,False,False
display11-menus-and-recording,96,96.000068,1.000002,0.0,13639680,1126400,14766080,False,False
display11-menus-and-recording,97,97.000073,1.000004,0.0,13639680,1126400,14766080,False,False
display11-menus-and-recording,98,98.000071,0.999999,0.0,13639680,1126400,14766080,False,False
display11-menus-and-recording,99,99.000066,0.999995,0.0,13639680,1126400,14766080,False,False
display11-menus-and-recording,100,100.000069,1.000003,0.999997,13639680,1126400,14766080,False,False
display11-menus-and-recording,101,101.00007,1.000001,0.0,13639680,1126400,14766080,False,False
display11-menus-and-recording,102,102.000044,0.999974,0.0,13639680,1126400,14766080,False,False
display11-menus-and-recording,103,103.000039,0.999994,0.0,13639680,1126400,14766080,False,False
display11-menus-and-recording,104,104.000067,1.000028,0.0,13639680,1126400,14766080,False,False
display11-menus-and-recording,105,105.000066,1.0,0.0,13639680,1126400,14766080,False,False
display11-menus-and-recording,106,106.000067,1.0,1.0,13639680,1126400,14766080,False,False
display11-menus-and-recording,107,107.000068,1.000001,0.0,13639680,1126400,14766080,False,False
display11-menus-and-recording,108,108.000072,1.000004,0.0,13639680,1126400,14766080,False,False
display11-menus-and-recording,109,109.000075,1.000004,0.0,13639680,1126400,14766080,False,False
display11-menus-and-recording,110,110.000038,0.999963,2.000075,13639680,1126400,14766080,False,False
display11-menus-and-recording,111,111.000067,1.000029,0.0,13639680,1126400,14766080,False,False
display11-menus-and-recording,112,112.000069,1.000002,2.999993,13639680,1126400,14766080,False,False
display11-menus-and-recording,113,113.000066,0.999997,0.0,13639680,1126400,14766080,False,False
display11-menus-and-recording,114,114.000068,1.000002,0.0,13639680,1126400,14766080,False,False
display11-menus-and-recording,115,115.000036,0.999968,0.0,13639680,1126400,14766080,False,False
display11-menus-and-recording,116,116.000037,1.000002,0.0,13639680,1126400,14766080,False,False
display11-menus-and-recording,117,117.000068,1.000031,0.0,13639680,1126400,14766080,False,False
display11-menus-and-recording,118,118.000116,1.000047,0.0,13639680,1126400,14766080,False,False
display11-menus-and-recording,119,119.000066,0.999951,0.0,13639680,1126400,14766080,False,False
display11-menus-and-recording,120,120.000035,0.999968,0.0,13639680,1126400,14766080,False,False
display0-installed-idle,1,1.000072,1.000072,0.0,19820544,0,19820544,False,False
display0-installed-idle,2,2.000072,1.0,0.0,19820544,0,19820544,False,False
display0-installed-idle,3,3.000103,1.000031,0.0,19820544,0,19820544,False,False
display0-installed-idle,4,4.000073,0.999971,0.0,19820544,0,19820544,False,False
display0-installed-idle,5,5.000068,0.999995,0.0,19820544,0,19820544,False,False
display0-installed-idle,6,6.000095,1.000027,0.0,19820544,0,19820544,False,False
display0-installed-idle,7,7.000072,0.999977,0.0,19820544,0,19820544,False,False
display0-installed-idle,8,8.000093,1.000021,0.0,19820544,0,19820544,False,False
display0-installed-idle,9,9.000112,1.000018,0.0,19820544,0,19820544,False,False
display0-installed-idle,10,10.000077,0.999965,0.0,19820544,0,19820544,False,False
display0-installed-idle,11,11.00007,0.999993,0.0,19820544,0,19820544,False,False
display0-installed-idle,12,12.000065,0.999995,0.0,19820544,0,19820544,False,False
display0-installed-idle,13,13.000026,0.999961,0.0,19820544,0,19820544,False,False
display0-installed-idle,14,14.000085,1.000059,0.0,19820544,0,19820544,False,False
display0-installed-idle,15,15.000071,0.999986,0.0,19820544,0,19820544,False,False
display0-installed-idle,16,16.00007,0.999999,0.0,19820544,0,19820544,False,False
display0-installed-idle,17,17.00019,1.00012,0.0,19820544,0,19820544,False,False
display0-installed-idle,18,18.000072,0.999882,0.0,19820544,0,19820544,False,False
display0-installed-idle,19,19.00007,0.999998,0.0,19820544,0,19820544,False,False
display0-installed-idle,20,20.00007,1.0,0.0,19820544,0,19820544,False,False
display0-installed-idle,21,21.000069,1.0,0.0,19820544,0,19820544,False,False
display0-installed-idle,22,22.000069,0.999999,0.0,19820544,0,19820544,False,False
display0-installed-idle,23,23.000092,1.000023,0.0,19820544,0,19820544,False,False
display0-installed-idle,24,24.000339,1.000247,0.0,19820544,0,19820544,False,False
display0-installed-idle,25,25.000067,0.999729,0.0,19820544,0,19820544,False,False
display0-installed-idle,26,26.000071,1.000004,0.0,19820544,0,19820544,False,False
display0-installed-idle,27,27.000068,0.999997,0.0,19820544,0,19820544,False,False
display0-installed-idle,28,28.000067,0.999999,0.0,19820544,0,19820544,False,False
display0-installed-idle,29,29.000074,1.000007,0.0,19820544,0,19820544,False,False
display0-installed-idle,30,30.000181,1.000106,0.0,19820544,0,19820544,False,False
display0-installed-idle,31,31.000069,0.999889,0.0,19820544,0,19820544,False,False
display0-installed-idle,32,32.000089,1.00002,0.0,19820544,0,19820544,False,False
display0-installed-idle,33,33.000069,0.99998,0.0,19820544,0,19820544,False,False
display0-installed-idle,34,34.000073,1.000004,0.0,19820544,0,19820544,False,False
display0-installed-idle,35,35.000069,0.999996,0.0,19820544,0,19820544,False,False
display0-installed-idle,36,36.000177,1.000109,0.0,19820544,0,19820544,False,False
display0-installed-idle,37,37.000097,0.999919,0.0,19820544,0,19820544,False,False
display0-installed-idle,38,38.000069,0.999972,0.0,19820544,0,19820544,False,False
display0-installed-idle,39,39.000076,1.000007,0.0,19820544,0,19820544,False,False
display0-installed-idle,40,40.000072,0.999997,0.0,19820544,0,19820544,False,False
display0-installed-idle,41,41.000096,1.000024,0.0,19820544,0,19820544,False,False
display0-installed-idle,42,42.000072,0.999976,0.0,19820544,0,19820544,False,False
display0-installed-idle,43,43.000074,1.000001,0.0,19820544,0,19820544,False,False
display0-installed-idle,44,44.000067,0.999994,0.0,19820544,0,19820544,False,False
display0-installed-idle,45,45.000075,1.000008,0.0,19820544,0,19820544,False,False
display0-installed-idle,46,46.00007,0.999995,0.0,19820544,0,19820544,False,False
display0-installed-idle,47,47.000094,1.000024,0.0,19820544,0,19820544,False,False
display0-installed-idle,48,48.000177,1.000083,0.0,19820544,0,19820544,False,False
display0-installed-idle,49,49.00007,0.999893,0.0,19820544,0,19820544,False,False
display0-installed-idle,50,50.000067,0.999997,0.0,19820544,0,19820544,False,False
display0-installed-idle,51,51.000069,1.000002,0.0,19820544,0,19820544,False,False
display0-installed-idle,52,52.00007,1.000001,0.0,19820544,0,19820544,False,False
display0-installed-idle,53,53.000071,1.000002,0.0,19820544,0,19820544,False,False
display0-installed-idle,54,54.000071,1.0,0.0,19820544,0,19820544,False,False
display0-installed-idle,55,55.000177,1.000105,0.0,19820544,0,19820544,False,False
display0-installed-idle,56,56.000074,0.999897,0.0,19820544,0,19820544,False,False
display0-installed-idle,57,57.0001,1.000026,0.0,19820544,0,19820544,False,False
display0-installed-idle,58,58.000069,0.999969,0.0,19820544,0,19820544,False,False
display0-installed-idle,59,59.000086,1.000017,0.0,19820544,0,19820544,False,False
display0-installed-idle,60,60.000068,0.999982,1.000018,19820544,0,19820544,False,False
display0-installed-idle,61,61.000077,1.000009,0.0,19820544,0,19820544,False,False
display0-installed-idle,62,62.000069,0.999992,0.0,19820544,0,19820544,False,False
display0-installed-idle,63,63.000069,1.0,0.0,19820544,0,19820544,False,False
display0-installed-idle,64,64.000069,1.000001,0.0,19820544,0,19820544,False,False
display0-installed-idle,65,65.000069,1.0,1.0,19820544,0,19820544,False,False
display0-installed-idle,66,66.000094,1.000025,0.0,19820544,0,19820544,False,False
display0-installed-idle,67,67.000104,1.00001,0.0,19820544,0,19820544,False,False
display0-installed-idle,68,68.000068,0.999964,0.0,19820544,0,19820544,False,False
display0-installed-idle,69,69.00008,1.000012,0.0,19820544,0,19820544,False,False
display0-installed-idle,70,70.000067,0.999987,0.0,19820544,0,19820544,False,False
display0-installed-idle,71,71.000068,1.000002,0.0,19820544,0,19820544,False,False
display0-installed-idle,72,72.000103,1.000035,0.0,19820544,0,19820544,False,False
display0-installed-idle,73,73.000069,0.999966,0.0,19820544,0,19820544,False,False
display0-installed-idle,74,74.000069,0.999999,0.0,19820544,0,19820544,False,False
display0-installed-idle,75,75.000068,0.999999,0.0,19820544,0,19820544,False,False
display0-installed-idle,76,76.000069,1.000001,0.0,19820544,0,19820544,False,False
display0-installed-idle,77,77.000068,0.999999,0.0,19820544,0,19820544,False,False
display0-installed-idle,78,78.000102,1.000034,0.0,19820544,0,19820544,False,False
display0-installed-idle,79,79.00007,0.999969,0.0,19820544,0,19820544,False,False
display0-installed-idle,80,80.000066,0.999996,0.0,19820544,0,19820544,False,False
display0-installed-idle,81,81.000071,1.000005,0.0,19820544,0,19820544,False,False
display0-installed-idle,82,82.000176,1.000105,0.0,19820544,0,19820544,False,False
display0-installed-idle,83,83.000068,0.999891,0.0,19820544,0,19820544,False,False
display0-installed-idle,84,84.000102,1.000034,0.0,19820544,0,19820544,False,False
display0-installed-idle,85,85.000068,0.999967,0.0,19820544,0,19820544,False,False
display0-installed-idle,86,86.000068,1.0,0.0,19820544,0,19820544,False,False
display0-installed-idle,87,87.000068,0.999999,0.0,19820544,0,19820544,False,False
display0-installed-idle,88,88.000097,1.000029,0.0,19820544,0,19820544,False,False
display0-installed-idle,89,89.00007,0.999973,0.0,19820544,0,19820544,False,False
display0-installed-idle,90,90.000068,0.999998,0.0,19820544,0,19820544,False,False
display0-installed-idle,91,91.000093,1.000025,0.0,19820544,0,19820544,False,False
display0-installed-idle,92,92.000095,1.000002,0.0,19820544,0,19820544,False,False
display0-installed-idle,93,93.000094,1.0,0.0,19820544,0,19820544,False,False
display0-installed-idle,94,94.000161,1.000067,0.0,19820544,0,19820544,False,False
display0-installed-idle,95,95.0001,0.999939,0.0,19820544,0,19820544,False,False
display0-installed-idle,96,96.000095,0.999995,0.0,19820544,0,19820544,False,False
display0-installed-idle,97,97.000072,0.999978,0.0,19820544,0,19820544,False,False
display0-installed-idle,98,98.00007,0.999998,0.0,19820544,0,19820544,False,False
display0-installed-idle,99,99.000038,0.999968,0.0,19820544,0,19820544,False,False
display0-installed-idle,100,100.000097,1.000058,0.0,19820544,0,19820544,False,False
display0-installed-idle,101,101.000069,0.999972,0.0,19820544,0,19820544,False,False
display0-installed-idle,102,102.000071,1.000002,0.0,19820544,0,19820544,False,False
display0-installed-idle,103,103.000066,0.999995,0.0,19820544,0,19820544,False,False
display0-installed-idle,104,104.00007,1.000003,0.0,19820544,0,19820544,False,False
display0-installed-idle,105,105.000073,1.000003,0.0,19820544,0,19820544,False,False
display0-installed-idle,106,106.000071,0.999998,0.0,19820544,0,19820544,False,False
display0-installed-idle,107,107.000073,1.000003,0.0,19820544,0,19820544,False,False
display0-installed-idle,108,108.000073,0.999999,0.0,19820544,0,19820544,False,False
display0-installed-idle,109,109.000069,0.999996,0.0,19820544,0,19820544,False,False
display0-installed-idle,110,110.000066,0.999997,0.0,19820544,0,19820544,False,False
display0-installed-idle,111,111.00013,1.000063,0.0,19820544,0,19820544,False,False
display0-installed-idle,112,112.000068,0.999939,0.0,19820544,0,19820544,False,False
display0-installed-idle,113,113.000099,1.000031,0.0,19820544,0,19820544,False,False
display0-installed-idle,114,114.000067,0.999967,0.0,19820544,0,19820544,False,False
display0-installed-idle,115,115.000064,0.999998,0.0,19820544,0,19820544,False,False
display0-installed-idle,116,116.000069,1.000004,0.0,19820544,0,19820544,False,False
display0-installed-idle,117,117.000073,1.000004,0.0,19820544,0,19820544,False,False
display0-installed-idle,118,118.000062,0.99999,0.0,19820544,0,19820544,False,False
display0-installed-idle,119,119.000069,1.000007,0.0,19820544,0,19820544,False,False
display0-installed-idle,120,120.000071,1.000002,0.0,19820544,0,19820544,False,False
